{
    "random_forest": {
        "price_change_48h": 0.11623316166006255,
        "price_vs_prev_market": 0.13635647530771203,
        "price_vs_expanding_p20": 0.09026731741610991,
        "listing_volume_7d": 0.03210343220000961,
        "prev_market_size": 0.02456383883440112,
        "time_to_event_ratio": 0.028985719574591996,
        "price_vs_event_min": 0.060826838302702135,
        "demand_pressure": 0.029680651697382956,
        "event_listing_frequency": 0.02400670545401045,
        "price_stability_7d": 0.031917484121929775,
        "price_vs_event_max": 0.04832223014680461,
        "days_since_first_listing": 0.03271808926905202,
        "price_vs_event_median": 0.08472202795924964,
        "price_volatility": 0.03442009221454884,
        "listing_intensity": 0.031598106094074804,
        "price_std_7d": 0.033629189741621435,
        "prior_listings_count": 0.024928299219253994,
        "event_price_std": 0.02288049821907458,
        "event_duration_so_far": 0.021420960902456196,
        "event_month": 0.012022947594325945,
        "is_weekend_event": 0.004534124382008628,
        "hist_volatility_30d": 0.0252547904726848,
        "event_avg_price": 0.022607043357143666,
        "avg_quantity_7d": 0.025999975858788358
    },
    "gradient_boost": {
        "price_change_48h": 0.10201063376528968,
        "price_vs_prev_market": 0.12619567083573738,
        "price_vs_expanding_p20": 0.20245720421436544,
        "listing_volume_7d": 0.026723935507216003,
        "prev_market_size": 0.0357203807934963,
        "time_to_event_ratio": 0.027640157362067402,
        "price_vs_event_min": 0.058436332968549866,
        "demand_pressure": 0.03095339516507824,
        "event_listing_frequency": 0.009155365116675161,
        "price_stability_7d": 0.021774757526535488,
        "price_vs_event_max": 0.055643480409714056,
        "days_since_first_listing": 0.039076796091940175,
        "price_vs_event_median": 0.043575202695333125,
        "price_volatility": 0.024587826524732515,
        "listing_intensity": 0.04008083477979911,
        "price_std_7d": 0.032266788271028135,
        "prior_listings_count": 0.012353981615184572,
        "event_price_std": 0.014544533693249612,
        "event_duration_so_far": 0.01892717326433189,
        "event_month": 0.01297026628314644,
        "is_weekend_event": 0.004941284002178744,
        "hist_volatility_30d": 0.020934494980004395,
        "event_avg_price": 0.013464485494432634,
        "avg_quantity_7d": 0.02556501863991362
    },
    "xgboost": {
        "price_change_48h": 0.1929168701171875,
        "price_vs_prev_market": 0.16984277963638306,
        "price_vs_expanding_p20": 0.04775549843907356,
        "listing_volume_7d": 0.04730084538459778,
        "prev_market_size": 0.0313190221786499,
        "time_to_event_ratio": 0.032527461647987366,
        "price_vs_event_min": 0.03415863960981369,
        "demand_pressure": 0.035542409867048264,
        "event_listing_frequency": 0.0279484111815691,
        "price_stability_7d": 0.03227907419204712,
        "price_vs_event_max": 0.029548563063144684,
        "days_since_first_listing": 0.036663200706243515,
        "price_vs_event_median": 0.0339650958776474,
        "price_volatility": 0.02580094337463379,
        "listing_intensity": 0.022511906921863556,
        "price_std_7d": 0.023753374814987183,
        "prior_listings_count": 0.021625274792313576,
        "event_price_std": 0.02520863525569439,
        "event_duration_so_far": 0.02373545803129673,
        "event_month": 0.024427128955721855,
        "is_weekend_event": 0.01797131448984146,
        "hist_volatility_30d": 0.020427271723747253,
        "event_avg_price": 0.024479182437062263,
        "avg_quantity_7d": 0.018291613087058067
    }
}