{
    "random_forest": {
        "validation": {
            "accuracy": 0.7908961593172119,
            "precision": 0.5978112175102599,
            "recall": 0.42634146341463414,
            "f1": 0.4977220956719818,
            "auc": 0.8298509697279873
        },
        "test": {
            "accuracy": 0.8065347230354842,
            "precision": 0.6945840312674484,
            "recall": 0.5295870583226905,
            "f1": 0.6009661835748792,
            "auc": 0.8764258121044186
        }
    },
    "gradient_boost": {
        "validation": {
            "accuracy": 0.7882882882882883,
            "precision": 0.5572916666666666,
            "recall": 0.6263414634146341,
            "f1": 0.5898024804777217,
            "auc": 0.8376008494190799
        },
        "test": {
            "accuracy": 0.8052465159854784,
            "precision": 0.6469580119965724,
            "recall": 0.6428267347807578,
            "f1": 0.6448857569933804,
            "auc": 0.8685311386070861
        }
    },
    "xgboost": {
        "validation": {
            "accuracy": 0.7648174490279753,
            "precision": 0.5101789019123998,
            "recall": 0.806829268292683,
            "f1": 0.6250944822373394,
            "auc": 0.8537877827259326
        },
        "test": {
            "accuracy": 0.7786626068626303,
            "precision": 0.5645933014354066,
            "recall": 0.853980417198808,
            "f1": 0.6797695696374111,
            "auc": 0.8778311122665196
        }
    },
    "logistic_regression": {
        "validation": {
            "accuracy": 0.7660028449502134,
            "precision": 0.5175276752767528,
            "recall": 0.5473170731707317,
            "f1": 0.5320056899004267,
            "auc": 0.799389518229664
        },
        "test": {
            "accuracy": 0.7510247101534138,
            "precision": 0.5392191347168483,
            "recall": 0.6526181353767561,
            "f1": 0.5905238828967643,
            "auc": 0.8191835662375836
        }
    },
    "ensemble": {
        "validation": {
            "accuracy": 0.7859174964438123,
            "precision": 0.5470679012345679,
            "recall": 0.6917073170731707,
            "f1": 0.6109435588108574,
            "auc": 0.8477514074232505
        },
        "test": {
            "accuracy": 0.8068860522309403,
            "precision": 0.6152073732718893,
            "recall": 0.7956577266922095,
            "f1": 0.6938927046593651,
            "auc": 0.8804737313028401
        }
    }
}